K,1,r,a,1.1,2.20,K1
K,1,r,b,2.21,4.10,K1
K,1,v,a,4.11,5.30,K1
K,1,v,b,6.1,7.20,K1
K,2,r,a,7.21,9.10,K2
K,2,r,b,9.11,10.30,K2
K,2,v,a,11.1,12.20,K2
K,2,v,b,12.21,14.10,K2
K,3,r,a,14.11,15.30,K2
K,3,r,b,16.1,17.20,K2
K,3,v,a,17.21,19.10,K2
K,3,v,b,19.11,20.30,K2
K,4,r,a,21.1,22.20,K2
K,4,r,b,22.21,24.10,K2
K,4,v,a,24.11,25.30,K2
K,4,v,b,26.1,27.20,K2
K,5,r,a,27.21,29.10,K2
K,5,r,b,29.11,30.30,K2
K,5,v,a,31.1,32.20,K2
K,5,v,b,32.21,34.10,K2
K,6,r,a,34.11,35.30,K2
K,6,r,b,36.1,37.20,K2
K,6,v,a,37.21,39.10,K2
K,6,v,b,39.11,40.30,K2
K,7,r,a,41.1,42.20,K2
K,7,r,b,42.21,44.10,K2
K,7,v,a,44.11,45.30,K2
K,7,v,b,46.1,47.16,K2
K,8,r,a,47.17,49.4,K2
K,8,r,b,49.5,50.24,K2
K,8,v,a,50.25,52.12,K2
K,8,v,b,52.13,54.2,K2
K,9,r,a,54.3,55.22,K2
K,9,r,b,55.23,57.12,K2
K,9,v,a,57.13,59.2,K2
K,9,v,b,59.3,60.24,K2
K,10,r,a,60.25,62.14,K2
K,10,r,b,62.15,64.4,K1
K,10,v,a,64.5,65.24,K1
K,10,v,b,65.25,67.14,K1
K,11,r,a,67.15,69.4,K2
K,11,r,b,69.5,71.2,K2
K,11,v,a,71.3,72.14,K2
K,11,v,b,72.15,74.4,K2
K,12,r,a,74.5,75.24,K2
K,12,r,b,75.25,77.16,K2
K,12,v,a,77.17,79.4,K2
K,12,v,b,79.5,80.24,K2
K,13,r,a,80.25,82.14,K2
K,13,r,b,82.15,84.4,K2
K,13,v,a,84.5,85.24,K2
K,13,v,b,85.25,87.14,K2
K,14,r,a,87.15,89.4,K2
K,14,r,b,89.5,90.24,K2
K,14,v,a,90.25,92.14,K2
K,14,v,b,92.15,94.4,K2
K,15,r,a,94.5,95.24,K2
K,15,r,b,95.25,97.14,K2
K,15,v,a,97.15,99.4,K2
K,15,v,b,99.5,100.24,K2
K,16,r,a,100.25,102.14,K2
K,16,r,b,102.15,104.4,K2
K,16,v,a,104.5,105.24,K2
K,16,v,b,105.25,107.14,K2
K,17,r,a,107.15,109.4,K2
K,17,r,b,109.5,110.24,K2
K,17,v,a,110.25,112.11[1],K2
K,17,v,b,112.11[2],112.12[44],K2
K,18,r,a,112.12[45],112.12[94],K2
K,18,r,b,112.12[95],112.12[144],K2
K,18,v,a,112.12[145],112.12[194],K2
K,18,v,b,112.12[195],112.12[244],K2
K,19,r,a,112.12[245],112.12[294],K2
K,19,r,b,112.12[295],112.12[344],K2
K,19,v,a,112.12[345],112.12[394],K2
K,19,v,b,112.12[395],112.12[444],K2
K,20,r,a,112.12[445],112.12[494],K2
K,20,r,b,112.12[495],113.20,K2
K,20,v,a,113.21,115.10,K2
K,20,v,b,115.11,116.30,K2
K,21,r,a,117.1,118.20,K3
K,21,r,b,118.21,120.10,K3
K,21,v,a,120.11,121.30,K3
K,21,v,b,122.1,123.20,K3
K,22,r,a,123.21,125.10,K3
K,22,r,b,125.11,126.30,K3
K,22,v,a,127.1,128.16,K3
K,22,v,b,128.17,130.4,K3
K,23,r,a,130.5,131.24,K3
K,23,r,b,131.25,133.14,K3
K,23,v,a,133.15,135.4,K3
K,23,v,b,135.5,136.24,K3
K,24,r,a,136.25,138.12,K3
K,24,r,b,138.13,140.2,K3
K,24,v,a,140.3,141.22,K3
K,24,v,b,141.23,143.10,K3
K,25,r,a,143.11,144.30,K3
K,25,r,b,145.1,146.20,K3
K,25,v,a,146.21,148.7,K3
K,25,v,b,148.8,149.27,K3
K,26,r,a,149.28,151.17,K3
K,26,r,b,151.18,153.7,K3
K,26,v,a,153.8,154.25,K3
K,26,v,b,154.26,156.14,K3
K,27,r,a,156.15,157.28,K3
K,27,r,b,157.29,159.18,K3
K,27,v,a,159.19,161.30,K3
K,27,v,b,162.1,162.26,K3
K,28,r,a,162.27,164.16,K3
K,28,r,b,164.17,166.6,K3
K,28,v,a,166.7,167.26,K3
K,28,v,b,167.27,169.16,K3
K,29,r,a,169.17,171.6,K3
K,29,r,b,171.7,172.26,K3
K,29,v,a,172.27,174.16,K3
K,29,v,b,174.17,175.10,K3
K,30,r,a,175.11,176.30,K3
K,30,r,b,177.1,178.20,K3
K,30,v,a,178.21,180.10,K3
K,30,v,b,180.11,181.28,K3
K,31,r,a,181.29,183.17,K3
K,31,r,b,183.18,185.6,K3
K,31,v,a,185.7,186.25,K3
K,31,v,b,186.26,188.14,K3
K,32,r,a,188.15,190.5,K3
K,32,r,b,190.6,191.26,K3
K,32,v,a,191.27,193.18,K3
K,32,v,b,193.19,195.9,K3
K,33,r,a,195.10,197.1,K3
K,33,r,b,197.2,198.24,K3
K,33,v,a,198.25,200.15,K3
K,33,v,b,200.16,202.5,K3
K,34,r,a,202.6,203.26,K3
K,34,r,b,203.27,205.16,K3
K,34,v,a,205.17,207.5[1],K3
K,34,v,b,207.6,208.24,K3
K,35,r,a,208.25,210.14,K3
K,35,r,b,210.15,212.4,K3
K,35,v,a,212.5,213.24,K3
K,35,v,b,213.25,215.14,K3
K,36,r,a,215.15,217.4,K3
K,36,r,b,217.5,218.24,K3
K,36,v,a,218.25,220.14,K3
K,36,v,b,220.15,222.4,K3
K,37,r,a,222.5,223.24,K3
K,37,r,b,223.25,224.26,K3
K,37,v,a,224.27,226.16,K3
K,37,v,b,226.17,228.6,K3
K,38,r,a,228.7,229.27,K3
K,38,r,b,229.28,231.17,K3
K,38,v,a,231.18,233.7,K3
K,38,v,b,233.8,234.28,K3
K,39,r,a,234.29,236.16,K3
K,39,r,b,236.17,238.6,K3
K,39,v,a,238.7,239.26,K3
K,39,v,b,239.27,241.16,K3
K,40,r,a,241.17,243.7,K3
K,40,r,b,243.8,244.30,K3
K,40,v,a,245.1,246.20,K3
K,40,v,b,246.21,248.12,K3
K,41,r,a,248.13,249.30,K3
K,41,r,b,250.1,251.20,K3
K,41,v,a,251.21,253.10,K3
K,41,v,b,253.11,254.30,K3
K,42,r,a,255.1,256.18,K3
K,42,r,b,256.19,258.6,K3
K,42,v,a,258.7,259.26,K3
K,42,v,b,259.27,261.16,K3
K,43,r,a,261.17,263.6,K3
K,43,r,b,263.7,264.26,K3
K,43,v,a,264.27,266.16,K3
K,43,v,b,266.17,268.6,K3
K,44,r,a,268.7,269.26,K3
K,44,r,b,269.27,271.16,K3
K,44,v,a,271.17,273.6,K3
K,44,v,b,273.7,274.23,K3
K,45,r,a,274.24,276.13,K3
K,45,r,b,276.14,278.5,K3
K,45,v,a,278.6,279.27,K3
K,45,v,b,279.28,281.12,K3
K,46,r,a,281.13,283.2,K3
K,46,r,b,283.3,284.22,K3
K,46,v,a,284.23,286.12,K3
K,46,v,b,286.13,288.3,K3
K,47,r,a,288.4,289.23,K3
K,47,r,b,289.24,291.16,K3
K,47,v,a,291.17,293.7,K3
K,47,v,b,293.8,294.27,K3
K,48,r,a,294.28,296.16,K3
K,48,r,b,296.17,298.5,K3
K,48,v,a,298.6,299.24,K3
K,48,v,b,299.25,301.13,K3
K,49,r,a,301.14,303.3,K3
K,49,r,b,303.4,304.22,K3
K,49,v,a,304.23,306.11,K3
K,49,v,b,306.12,307.30,K3
K,50,r,a,308.1,309.22,K3
K,50,r,b,309.23,311.14,K3
K,50,v,a,311.15,312.25,K3
K,50,v,b,312.26,314.16,K3
K,51,r,a,314.17,316.5,K3
K,51,r,b,316.6,317.24,K3
K,51,v,a,317.25,319.16,K3
K,51,v,b,319.17,320.16,K3
K,52,r,a,320.17,322.5,K3
K,52,r,b,322.6,323.24,K3
K,52,v,a,323.26,325.13,K3
K,52,v,b,325.14,327.2,K3
K,53,r,a,327.3,328.21,K3
K,53,r,b,328.22,330.10,K3
K,53,v,a,330.11,331.29,K3
K,53,v,b,331.30,333.18,K3
K,54,r,a,333.19,335.7,K3
K,54,r,b,335.8,336.26,K3
K,54,v,a,336.27,338.12,K3
K,54,v,b,338.13,340.1,K3
K,55,r,a,340.2,341.21,K3
K,55,r,b,341.22,343.10,K3
K,55,v,a,343.11,344.30,K3
K,55,v,b,345.1,346.20,K3
K,56,r,a,346.21,348.9,K3
K,56,r,b,348.10,349.28,K3
K,56,v,a,349.29,351.15,K3
K,56,v,b,351.16,353.4,K3
K,57,r,a,353.5,354.25,K3
K,57,r,b,354.26,356.14,K3
K,57,v,a,356.15,358.1,K3
K,57,v,b,358.2,359.20,K3
K,58,r,a,359.21,361.9,K3
K,58,r,b,361.10,362.28,K3
K,58,v,a,362.29,364.17,K3
K,58,v,b,364.18,366.6,K3
K,59,r,a,366.7,367.25,K3
K,59,r,b,367.26,369.14,K3
K,59,v,a,369.15,371.3,K3
K,59,v,b,371.4,372.22,K3
K,60,r,a,372.23,374.12,K3
K,60,r,b,374.13,376.2,K3
K,60,v,a,376.3,377.20,K3
K,60,v,b,377.21,379.8,K3
K,61,r,a,379.9,380.27,K3
K,61,r,b,380.28,382.16,K3
K,61,v,a,382.17,384.5,K3
K,61,v,b,384.6,385.22,K3
K,62,r,a,385.23,387.11,K3
K,62,r,b,387.12,388.30,K3
K,62,v,a,389.1,390.19,K3
K,62,v,b,390.20,392.8,K3
K,63,r,a,392.9,393.27,K3
K,63,r,b,393.28,395.16,K3
K,63,v,a,395.17,397.5,K3
K,63,v,b,397.6,398.22,K3
K,64,r,a,398.23,400.9,K3
K,64,r,b,400.10,401.28,K3
K,64,v,a,401.29,403.17,K3
K,64,v,b,403.18,405.6,K3
K,65,r,a,405.7,406.25,K3
K,65,r,b,406.26,408.14,K3
K,65,v,a,408.15,410.3,K3
K,65,v,b,410.4,411.22,K3
K,66,r,a,411.23,413.11,K3
K,66,r,b,413.12,415.1,K3
K,66,v,a,415.2,416.20,K3
K,66,v,b,416.21,418.9,K3
K,67,r,a,418.10,419.28,K3
K,67,r,b,419.29,421.17,K3
K,67,v,a,421.19,423.8,K3
K,67,v,b,423.9,424.27,K3
K,68,r,a,424.28,426.16,K3
K,68,r,b,426.17,428.6,K3
K,68,v,a,428.7,429.25,K3
K,68,v,b,429.26,431.14,K3
K,69,r,a,431.15,433.3,K3
K,69,r,b,433.4,434.22,K3
K,69,v,a,434.23,436.8,K3
K,69,v,b,436.9,437.27,K3
K,70,r,a,437.28,439.17,K3
K,70,r,b,439.18,441.6,K3
K,70,v,a,441.7,442.25,K3
K,70,v,b,442.26,444.11,K3
K,71,r,a,444.12,445.30,K3
K,71,r,b,446.1,447.13,K3
K,71,v,a,447.14,449.2,K3
K,71,v,b,449.3,450.21,K3
K,72,r,a,450.22,452.10,K3
K,72,r,b,452.11,453.29,K3
K,72,v,a,453.30,455.18,K3
K,72,v,b,455.19,457.7,K3
K,73,r,a,457.8,458.26,K3
K,73,r,b,458.27,460.15,K3
K,73,v,a,460.16,462.4,K3
K,73,v,b,462.5,463.22,K3
K,74,r,a,463.23,465.11,K3
K,74,r,b,465.12,466.30,K3
K,74,v,a,467.1,468.19,K3
K,74,v,b,468.20,470.8,K3
K,75,r,a,470.9,471.27,K3
K,75,r,b,471.28,473.17,K3
K,75,v,a,473.18,475.6,K3
K,75,v,b,475.7,476.25,K3
K,76,r,a,476.26,478.14,K3
K,76,r,b,478.15,480.3,K3
K,76,v,a,480.4,481.23,K3
K,76,v,b,481.24,483.12,K3
K,77,r,a,483.13,485.1,K3
K,77,r,b,485.2,486.20,K3
K,77,v,a,486.21,488.9,K3
K,77,v,b,488.10,489.28,K3
K,78,r,a,489.29,491.17,K3
K,78,r,b,491.18,493.6,K3
K,78,v,a,493.7,494.25,K3
K,78,v,b,494.26,496.16,K3
K,79,r,a,496.17,498.5,K3
K,79,r,b,498.6,499.26,K3
K,79,v,a,499.27,501.15,K3
K,79,v,b,501.16,503.1[0],K3
K,80,r,a,503.1,504.19,K3
K,80,r,b,504.20,506.8,K3
K,80,v,a,506.9,507.27,K3
K,80,v,b,507.28,509.15,K3
K,81,r,a,509.16,511.4,K3
K,81,r,b,511.5,512.23,K3
K,81,v,a,512.24,514.12,K3
K,81,v,b,514.13,516.1,K3
K,82,r,a,516.2,517.20,K3
K,82,r,b,517.21,519.9,K3
K,82,v,a,519.10,520.29,K3
K,82,v,b,520.30,522.18,K3
K,83,r,a,522.19,524.8,K3
K,83,r,b,524.9,525.26,K3
K,83,v,a,525.27,527.16,K3
K,83,v,b,527.17,529.5,K3
K,84,r,a,529.6,530.25,K3
K,84,r,b,530.26,532.14,K3
K,84,v,a,532.15,534.3,K3
K,84,v,b,534.4[0],535.23,K3
K,85,r,a,535.24,537.13,K3
K,85,r,b,537.14,539.2,K3
K,85,v,a,539.3,540.21,K3
K,85,v,b,540.22,542.10,K3
K,86,r,a,542.11,543.29,K3
K,86,r,b,543.30,545.18,K3
K,86,v,a,545.19,547.7,K3
K,86,v,b,547.8,548.26,K3
K,87,r,a,548.27,550.18,K3
K,87,r,b,550.19,552.11,K3
K,87,v,a,552.12,553.21,K3
K,87,v,b,553.22,555.13,K3
K,88,r,a,555.14,557.1,K3
K,88,r,b,557.2,558.21,K3
K,88,v,a,558.22,560.10,K3
K,88,v,b,560.11,561.29,K3
K,89,r,a,561.30,563.18,K3
K,89,r,b,563.19,565.7,K3
K,89,v,a,565.8,566.26,K3
K,89,v,b,566.27,568.15,K3
K,90,r,a,568.16,570.5,K3
K,90,r,b,570.6,571.25,K3
K,90,v,a,571.26,573.17,K3
K,90,v,b,573.18,575.6,K3
K,91,r,a,575.7,576.25,K3
K,91,r,b,576.26,578.14,K3
K,91,v,a,578.15,580.3,K3
K,91,v,b,580.4,581.22,K3
K,92,r,a,581.23,583.11,K3
K,92,r,b,583.12,584.30,K3
K,92,v,a,585.1,586.20,K3
K,92,v,b,586.21,588.11,K3
K,93,r,a,588.12,589.30,K3
K,93,r,b,590.1,591.19,K3
K,93,v,a,591.20,593.8,K3
K,93,v,b,593.9,594.27,K3
K,94,r,a,594.28,596.19[0],K3
K,94,r,b,596.19,598.7,K3
K,94,v,a,598.8,599.26,K3
K,94,v,b,599.27,601.15,K3
K,95,r,a,601.16,603.2,K3
K,95,r,b,603.3,604.21,K3
K,95,v,a,604.22,606.10,K3
K,95,v,b,606.11,607.29,K3
K,96,r,a,607.30,609.18,K3
K,96,r,b,609.19,611.7,K3
K,96,v,a,611.8,612.26,K3
K,96,v,b,612.27,614.15,K3
K,97,r,a,614.16,616.4,K3
K,97,r,b,616.5,617.23,K3
K,97,v,a,617.24,619.12,K3
K,97,v,b,619.13,621.1,K3
K,98,r,a,621.2,622.20,K3
K,98,r,b,622.21,624.9,K3
K,98,v,a,624.10,625.28,K3
K,98,v,b,625.29,627.17,K3
K,99,r,a,627.18,629.6,K3
K,99,r,b,629.7,630.25,K3
K,99,v,a,630.26,632.14,K3
K,99,v,b,632.15,634.3,K3
K,100,r,a,634.4,635.21,K3
K,100,r,b,635.22,637.10,K3
K,100,v,a,637.11,638.29,K3
K,100,v,b,638.30,640.19,K3
K,101,r,a,640.20,642.8,K3
K,101,r,b,642.9,643.27,K3
K,101,v,a,643.28,645.16,K3
K,101,v,b,645.17,647.5,K3
K,102,r,a,647.6,648.24,K3
K,102,r,b,648.25,650.13,K3
K,102,v,a,650.14,652.2,K3
K,102,v,b,652.3,653.21,K3
K,103,r,a,653.22,655.15,K3
K,103,r,b,655.16,657.4,K3
K,103,v,a,657.5,658.23,K3
K,103,v,b,658.24,660.12,K3
K,104,r,a,660.13,662.1,K3
K,104,r,b,662.2,663.20,K3
K,104,v,a,663.21,665.9,K3
K,104,v,b,665.10,666.28,K3
K,105,r,a,666.29,668.17,K3
K,105,r,b,668.18,670.6,K3
K,105,v,a,670.7,671.25,K3
K,105,v,b,671.26,673.14,K3
K,106,r,a,673.15,675.5,K3
K,106,r,b,675.6,676.24,K3
K,106,v,a,676.25,678.10,K3
K,106,v,b,678.11,679.29,K3
K,107,r,a,679.30,681.17,K3
K,107,r,b,681.18,683.5,K3
K,107,v,a,683.6,684.23,K3
K,107,v,b,684.24,686.11,K3
K,108,r,a,686.12,687.30,K3
K,108,r,b,688.1,689.19,K3
K,108,v,a,689.20,691.6,K3
K,108,v,b,691.7,692.25,K3
K,109,r,a,692.26,694.13,K1
K,109,r,b,694.14,696.1,K1
K,109,v,a,696.2,697.19,K1
K,109,v,b,697.20,699.7,K1
K,110,r,a,699.8,700.26,K1
K,110,r,b,700.27,702.15,K1
K,110,v,a,702.16,704.1,K1
K,110,v,b,704.2,705.20,K1
K,111,r,a,705.21,707.8,K1
K,111,r,b,707.9,708.26,K1
K,111,v,a,708.27,710.14,K1
K,111,v,b,710.15,712.2,K1
K,112,r,a,712.3,713.20,K1
K,112,r,b,713.21,715.8,K1
K,112,v,a,715.9,716.26,K1
K,112,v,b,716.27,718.14,K1
K,113,r,a,718.15,720.2,K1
K,113,r,b,720.3,721.20,K1
K,113,v,a,721.21,723.8,K1
K,113,v,b,723.9,724.26,K1
K,114,r,a,724.27,726.14,K1
K,114,r,b,726.15,728.2,K1
K,114,v,a,728.3,729.18,K1
K,114,v,b,729.19,731.6,K1
K,115,r,a,731.7,732.25,K1
K,115,r,b,732.26,733.30,K1
K,115,r,b,0[1][1],0[1][1],K1
K,115,v,a,0[1][2],0[1][2],K1
K,115,v,a,0[1][3],0[15],K5
K,115,v,b,0[16],0[55],K5
K,116,r,a,1,49,K3
K,116,r,b,50,98,K3
K,116,v,a,99,147,K3
K,116,v,b,148,196,K3
K,117,r,a,197,245,K3
K,117,r,b,246,294,K3
K,117,v,a,295,342,K3
K,117,v,b,343,391,K3
K,118,r,a,392,440,K3
K,118,r,b,441,489,K3
K,118,v,a,490,537,K3
K,118,v,b,538,586,K3
K,119,r,a,587,636,K3
K,119,r,b,637,685,K3
K,119,v,a,686,735,K3
K,119,v,b,736,784,K3
K,120,r,a,785,833,K3
K,120,r,b,834,882,K3
K,120,v,a,883,930,K3
K,120,v,b,931,979,K3
K,121,r,a,980,1028,K3
K,121,r,b,1029,1077,K3
K,121,v,a,1078,1126,K3
K,121,v,b,1127,1175,K3
K,122,r,a,1176,1224,K3
K,122,r,b,1225,1273,K3
K,122,v,a,1274,1322,K3
K,122,v,b,1323,1371,K3
K,123,r,a,1372,1420,K3
K,123,r,b,1421,1467,K3
K,123,v,a,1468,1516,K3
K,123,v,b,1517,1565,K3
K,124,r,a,1566,1614,K3
K,124,r,b,1615,1663,K3
K,124,v,a,1664,1712,K3
K,124,v,b,1713,1761,K3
K,125,r,a,1762,1810,K1
K,125,r,b,1811,1859,K1
K,125,v,a,1860,1906,K1
K,125,v,b,1907,1955,K1
K,126,r,a,1956,2005,K3
K,126,r,b,2006,2054,K3
K,126,v,a,2055,2103,K3
K,126,v,b,2104,2152,K3
K,127,r,a,2153,2201,K3
K,127,r,b,2202,2249,K3
K,127,v,a,2250,2298,K3
K,127,v,b,2299,2347,K3
K,128,r,a,2348,2393,K3
K,128,r,b,2394,2442,K3
K,128,v,a,2443,2491,K3
K,128,v,b,2492,2540,K3
K,129,r,a,2541,2589,K3
K,129,r,b,2590,2638,K3
K,129,v,a,2639,2687,K3
K,129,v,b,2688,2736,K3
K,130,r,a,2737,2785,K3
K,130,r,b,2786,2834,K3
K,130,v,a,2835,2885,K3
K,130,v,b,2886,2933,K3
K,131,r,a,2934,2982,K3
K,131,r,b,2983,3031,K3
K,131,v,a,3032,3080,K3
K,131,v,b,3081,3129,K3
K,132,r,a,3130,3178,K3
K,132,r,b,3179,3224,K3
K,132,v,a,3225,3273,K3
K,132,v,b,3274,3322,K3
K,133,r,a,3323,3371,K3
K,133,r,b,3372,3420,K3
K,133,v,a,3421,3470,K3
K,133,v,b,3471,3519,K3
K,134,r,a,3520,3568,K3
K,134,r,b,3569,3618,K3
K,134,v,a,3619,3667,K3
K,134,v,b,3668,3716,K3
K,135,r,a,3717,3765,K3
K,135,r,b,3766,3814,K3
K,135,v,a,3815,3864,K3
K,135,v,b,3865,3914,K3
K,136,r,a,3915,3964,K3
K,136,r,b,3965,4014,K3
K,136,v,a,4015,4063,K3
K,136,v,b,4064,4112,K3
K,137,r,a,4113,4161,K3
K,137,r,b,4162,4210,K3
K,137,v,a,4211,4259,K3
K,137,v,b,4260,4308,K3
K,138,r,a,4309,4356,K3
K,138,r,b,4357,4404,K3
K,138,v,a,4405,4452,K3
K,138,v,b,4453,4500,K3
K,139,r,a,4501,4549,K3
K,139,r,b,4550,4598,K3
K,139,v,a,4599,4647,K3
K,139,v,b,4648,4696,K3
K,140,r,a,4697,4747,K3
K,140,r,b,4748,4796,K3
K,140,v,a,4797,4843,K3
K,140,v,b,4844,4892,K3
K,141,r,a,4893,4941,K3
K,141,r,b,4942,4990,K3
K,141,v,a,4991,5040,K3
K,141,v,b,5041,5086,K3
K,142,r,a,5087,5135,K3
K,142,r,b,5136,5184,K3
K,142,v,a,5185,5233,K3
K,142,v,b,5234,5282,K3
K,143,r,a,5283,5331,K3
K,143,r,b,5332,5380,K3
K,143,v,a,5381,5429,K3
K,143,v,b,5430,5478,K3
K,144,r,a,5479,5526,K3
K,144,r,b,5527,5574,K3
K,144,v,a,5575,5623,K3
K,144,v,b,5624,5673,K3
K,145,r,a,5674,5722,K3
K,145,r,b,5723,5771,K3
K,145,v,a,5772,5820,K3
K,145,v,b,5821,5869,K3
K,146,r,a,5870,5918,K3
K,146,r,b,5919,5967,K3
K,146,v,a,5968,6016,K3
K,146,v,b,6017,6065,K3
K,147,r,a,6066,6113,K3
K,147,r,b,6114,6161,K3
K,147,v,a,6162,6210,K3
K,147,v,b,6211,6259,K3
K,148,r,a,6260,6307,K3
K,148,r,b,6308,6356,K3
K,148,v,a,6357,6405,K3
K,148,v,b,6406,6454,K3
K,149,r,a,6455,6502,K3
K,149,r,b,6503,6550,K3
K,149,v,a,6551,6599,K3
K,149,v,b,6600,6648,K3
K,150,r,a,6649,6694,K3
K,150,r,b,6695,6743,K3
K,150,v,a,6744,6792,K3
K,150,v,b,6793,6841,K3
K,151,r,a,6842,6890,K3
K,151,r,b,6891,6939,K3
K,151,v,a,6940,6988,K3
K,151,v,b,6989,7038,K3
K,152,r,a,7039,7085,K3
K,152,r,b,7086,7134,K3
K,152,v,a,7135,7183,K3
K,152,v,b,7184,7232,K3
K,153,r,a,7233,7281,K3
K,153,r,b,7282,7327,K3
K,153,v,a,7328,7377,K3
K,153,v,b,7378,7426,K3
K,154,r,a,7427,7475,K3
K,154,r,b,7476,7520,K3
K,154,v,a,7521,7569,K3
K,154,v,b,7570,7618,K3
K,155,r,a,7619,7667,K3
K,155,r,b,7668,7716,K3
K,155,v,a,7717,7765,K3
K,155,v,b,7766,7814,K3
K,156,r,a,7815,7863,K3
K,156,r,b,7864,7912,K3
K,156,v,a,7913,7961,K3
K,156,v,b,7962,8010,K3
K,157,r,a,8011,8059,K3
K,157,r,b,8060,8106,K3
K,157,v,a,8107,8156,K3
K,157,v,b,8157,8205,K3
K,158,r,a,8206,8254,K3
K,158,r,b,8255,8303,K3
K,158,v,a,8304,8352,K3
K,158,v,b,8353,8401,K3
K,159,r,a,8402,8450,K3
K,159,r,b,8451,8497,K3
K,159,v,a,8498,8546,K3
K,159,v,b,8547,8595,K3
K,160,r,a,8596,8644,K3
K,160,r,b,8645,8693,K3
K,160,v,a,8694,8742,K3
K,160,v,b,8743,8791,K3
K,161,r,a,8792,8840,K3
K,161,r,b,8841,8890,K3
K,161,v,a,8891,8939,K3
K,161,v,b,8940,8988,K3
K,162,r,a,8989,9037,K3
K,162,r,b,9038,9086,K3
K,162,v,a,9087,9135,K3
K,162,v,b,9136,9184,K3
K,163,r,a,9185,9233,K3
K,163,r,b,9234,9282,K3
K,163,v,a,9283,9331,K3
K,163,v,b,9332,9379,K3
K,164,r,a,9380,9429,K3
K,164,r,b,9430,9479,K3
K,164,v,a,9480,9528,K3
K,164,v,b,9529,9577,K3
K,165,r,a,9578,9626,K3
K,165,r,b,9627,9675,K3
K,165,v,a,9676,9724,K3
K,165,v,b,9725,9773,K3
K,166,r,a,9774,9822,K3
K,166,r,b,9823,9871,K3
K,166,v,a,9872,9919,K3
K,166,v,b,9920,9968,K3
K,167,r,a,9969,10017,K3
K,167,r,b,10018,10066,K3
K,167,v,a,10067,10114,K3
K,167,v,b,10115,10163,K3
K,168,r,a,10164,10213,K3
K,168,r,b,10214,10262,K3
K,168,v,a,10263,10312,K3
K,168,v,b,10313,10361,K3
K,169,r,a,10362,10410,K3
K,169,r,b,10411,10459,K3
K,169,v,a,10460,10508,K3
K,169,v,b,10509,10557,K3
K,170,r,a,10939,10987,K3
K,170,r,b,10988,11036,K3
K,170,v,a,11037,11085,K3
K,170,v,b,11086,11133,K3
K,171,r,a,11134,11183,K3
K,171,r,b,11184,11233,K3
K,171,v,a,11234,11283,K3
K,171,v,b,11284,11332,K3
K,172,r,a,11333,11381,K3
K,172,r,b,11382,11430,K3
K,172,v,a,11431,11479,K3
K,172,v,b,11480,11527,K3
K,173,r,a,11528,11576,K3
K,173,r,b,11577,11625,K3
K,173,v,a,11626,11674,K3
K,173,v,b,11675,11723,K3
K,174,r,a,11724,11770,K3
K,174,r,b,11771,11819,K3
K,174,v,a,11820,11868,K3
K,174,v,b,11869,11917,K3
K,175,r,a,11918,11966,K3
K,175,r,b,11967,12015,K3
K,175,v,a,12016,12064,K3
K,175,v,b,12065,12113,K3
K,176,r,a,12504,12552,K3
K,176,r,b,12553,12601,K3
K,176,v,a,12602,12650,K3
K,176,v,b,12651,12699,K3
K,177,r,a,12700,12748,K3
K,177,r,b,12749,12793,K3
K,177,v,a,12794,12841,K3
K,177,v,b,12842,12889,K3
K,178,r,a,12114,12162,K3
K,178,r,b,12163,12211,K3
K,178,v,a,12212,12260,K3
K,178,v,b,12261,12307,K3
K,179,r,a,12308,12356,K3
K,179,r,b,12357,12405,K3
K,179,v,a,12406,12454,K3
K,179,v,b,12455,12503,K3
K,180,r,a,12890,12938,K3
K,180,r,b,12939,12987,K3
K,180,v,a,12988,13036,K3
K,180,v,b,13037,13084,K3
K,181,r,a,13085,13133,K3
K,181,r,b,13134,13182,K3
K,181,v,a,13183,13231,K3
K,181,v,b,13232,13280,K3
K,182,r,a,13281,13329,K3
K,182,r,b,13330,13378,K3
K,182,v,a,13379,13427,K3
K,182,v,b,13428,13476,K3
K,183,r,a,13477,13525,K3
K,183,r,b,13526,13574,K3
K,183,v,a,13575,13623,K3
K,183,v,b,13624,13672,K3
K,184,r,a,13673,13720,K3
K,184,r,b,13721,13769,K3
K,184,v,a,13770,13818,K3
K,184,v,b,13819,13867,K3
K,185,r,a,13868,13916,K3
K,185,r,b,13917,13965,K3
K,185,v,a,13966,14006,K3
K,185,v,b,14007,14055,K3
K,186,r,a,14056,14104,K3
K,186,r,b,14105,14153,K3
K,186,v,a,14154,14202,K3
K,186,v,b,14203,14251,K3
K,187,r,a,14252,14300,K3
K,187,r,b,14301,14350,K3
K,187,v,a,14351,14396,K3
K,187,v,b,14397,14445,K3
K,188,r,a,14446,14494,K3
K,188,r,b,14495,14543,K3
K,188,v,a,14544,14593,K3
K,188,v,b,14594,14643,K3
K,189,r,a,14644,14692,K3
K,189,r,b,14693,14739,K3
K,189,v,a,14740,14788,K3
K,189,v,b,14789,14837,K3
K,190,r,a,14838,14886,K3
K,190,r,b,14887,14935,K3
K,190,v,a,14936,14984,K3
K,190,v,b,14985,15033,K3
K,191,r,a,15034,15079,K3
K,191,r,b,15080,15128,K3
K,191,v,a,15129,15178,K3
K,191,v,b,15179,15228,K3
K,192,r,a,15229,15277,K3
K,192,r,b,15278,15326,K3
K,192,v,a,15327,15375,K3
K,192,v,b,15376,15424,K3
K,193,r,a,15425,15473,K3
K,193,r,b,15474,15522,K3
K,193,v,a,15523,15571,K3
K,193,v,b,15572,15618,K3
K,194,r,a,15619,15664,K3
K,194,r,b,15665,15712,K3
K,194,v,a,15713,15760,K3
K,194,v,b,15761,15808,K3
K,195,r,a,15809,15857,K3
K,195,r,b,15858,15906,K3
K,195,v,a,15907,15955,K3
K,195,v,b,15956,16001,K3
K,196,r,a,16002,16050,K3
K,196,r,b,16051,16099,K3
K,196,v,a,16100,16148,K3
K,196,v,b,16149,16198,K3
K,197,r,a,16199,16243,K3
K,197,r,b,16244,16292,K3
K,197,v,a,16293,16341,K3
K,197,v,b,16342,16390,K3
K,198,r,a,16391,16439,K3
K,198,r,b,16440,16488,K3
K,198,v,a,16489,16536,K3
K,198,v,b,16537,16582,K3
K,199,r,a,16583,16630,K3
K,199,r,b,16631,16678,K3
K,199,v,a,16679,16726,K3
K,199,v,b,16727,16774,K3
K,200,r,a,16775,16823,K3
K,200,r,b,16824,16872,K3
K,200,v,a,16873,16921,K3
K,200,v,b,16922,16970,K3
K,201,r,a,16971,17019,K3
K,201,r,b,17020,17068,K3
K,201,v,a,17069,17117,K3
K,201,v,b,17118,17166,K3
K,202,r,a,17167,17211,K3
K,202,r,b,17212,17258,K3
K,202,v,a,17259,17306,K3
K,202,v,b,17307,17353,K3
K,203,r,a,17354,17400,K3
K,203,r,b,17401,17447,K3
K,203,v,a,17448,17494,K3
K,203,v,b,17495,17539,K3
K,204,r,a,17540,17589,K3
K,204,r,b,17590,17638,K3
K,204,v,a,17639,17687,K3
K,204,v,b,17688,17736,K3
K,205,r,a,17737,17783,K3
K,205,r,b,17784,17831,K3
K,205,v,a,17832,17880,K3
K,205,v,b,17881,17929,K3
K,206,r,a,17930,17977,K3
K,206,r,b,17978,18026,K3
K,206,v,a,18027,18075,K3
K,206,v,b,18076,18123,K3
K,207,r,a,18124,18178,K3
K,207,r,b,18179,18232,K3
K,207,v,a,18233,18279,K3
K,207,v,b,18280,18328,K3
K,208,r,a,18329,18377,K3
K,208,r,b,18378,18429,K3
K,208,v,a,18430,18478,K3
K,208,v,b,18479,18527,K3
K,209,r,a,18528,18576,K3
K,209,r,b,18577,18627,K3
K,209,v,a,18628,18677,K3
K,209,v,b,18678,18726,K3
K,210,r,a,18727,18774,K3
K,210,r,b,18775,18817,K3
K,210,v,a,18818,18865,K3
K,210,v,b,18866,18913,K3
K,211,r,a,18914,18962,K3
K,211,r,b,18963,19011,K3
K,211,v,a,19012,19061,K3
K,211,v,b,19062,19111,K3
K,212,r,a,19112,19160,K3
K,212,r,b,19161,19209,K3
K,212,v,a,19210,19258,K3
K,212,v,b,19259,19307,K3
K,213,r,a,19308,19354,K3
K,213,r,b,19355,19401,K3
K,213,v,a,19402,19448,K3
K,213,v,b,19449,19496[0],K3
K,214,r,a,19496,19539,K3
K,214,r,b,19540,19588,K3
K,214,v,a,19589,19637,K3
K,214,v,b,19638,19686,K3
K,215,r,a,19687,19734,K3
K,215,r,b,19735,19782,K3
K,215,v,a,19783,19831,K3
K,215,v,b,19832,19880,K3
K,216,r,a,19881,19928,K3
K,216,r,b,19929,19975,K3
K,216,v,a,19976,20023,K3
K,216,v,b,20024,20071,K3
K,217,r,a,20072,20119,K3
K,217,r,b,20120,20167,K3
K,217,v,a,20168,20215,K3
K,217,v,b,20216,20263,K3
K,218,r,a,20264,20304,K3
K,218,r,b,20305,20352,K3
K,218,v,a,20353,20400,K3
K,218,v,b,20401,20449,K3
K,219,r,a,20450,20497,K3
K,219,r,b,20498,20545,K3
K,219,v,a,20546,20593,K3
K,219,v,b,20594,20641,K3
K,220,r,a,20642,20689,K3
K,220,r,b,20690,20737,K3
K,220,v,a,20738,20785,K3
K,220,v,b,20786,20833,K3
K,221,r,a,20834,20882,K3
K,221,r,b,20883,20931,K3
K,221,v,a,20932,20979,K3
K,221,v,b,20980,21027,K3
K,222,r,a,21028,21075,K3
K,222,r,b,21076,21124,K3
K,222,v,a,21125,21172,K3
K,222,v,b,21173,21220,K3
K,223,r,a,21221,21268,K3
K,223,r,b,21269,21317,K3
K,223,v,a,21318,21366,K3
K,223,v,b,21367,21414,K3
K,224,r,a,21415,21459,K3
K,224,r,b,21460,21507,K3
K,224,v,a,21508,21554,K3
K,224,v,b,21555,21602,K3
K,225,r,a,21603,21650,K3
K,225,r,b,21651,21698,K3
K,225,v,a,21699,21743,K3
K,225,v,b,21744,21791,K3
K,226,r,a,21792,21839,K3
K,226,r,b,21840,21887,K3
K,226,v,a,21888,21935,K3
K,226,v,b,21936,21983,K3
K,227,r,a,21984,22031,K3
K,227,r,b,22032,22079,K3
K,227,v,a,22080,22127,K3
K,227,v,b,22128,22175,K3
K,228,r,a,22176,22223,K3
K,228,r,b,22224,22271,K3
K,228,v,a,22272,22319,K3
K,228,v,b,22320,22363,K3
K,229,r,a,22364,22411,K3
K,229,r,b,22412,22459,K3
K,229,v,a,22460,22507,K3
K,229,v,b,22508,22555,K3
K,230,r,a,22556,22602,K3
K,230,r,b,22603,22647,K3
K,230,v,a,22648,22695,K3
K,230,v,b,22696,22743,K3
K,231,r,a,22744,22791,K3
K,231,r,b,22792,22839,K3
K,231,v,a,22840,22887,K3
K,231,v,b,22888,22936,K3
K,232,r,a,22937,22985,K3
K,232,r,b,22986,23033,K3
K,232,v,a,23034,23081,K3
K,232,v,b,23082,23129,K3
K,233,r,a,23130,23177,K3
K,233,r,b,23178,23225,K3
K,233,v,a,23226,23273,K3
K,233,v,b,23274,23321,K3
K,234,r,a,23322,23369,K3
K,234,r,b,23370,23415,K3
K,234,v,a,23416,23463,K3
K,234,v,b,23464,23511,K3
K,235,r,a,23512,23559,K3
K,235,r,b,23560,23607,K3
K,235,v,a,23608,23655,K3
K,235,v,b,23656,23702,K3
K,236,r,a,23703,23750,K3
K,236,r,b,23751,23798,K3
K,236,v,a,23799,23846,K3
K,236,v,b,23847,23894,K3
K,237,r,a,23895,23940,K3
K,237,r,b,23941,23988,K3
K,237,v,a,23989,24037,K3
K,237,v,b,24038,24086,K3
K,238,r,a,24087,24134,K3
K,238,r,b,24135,24182,K3
K,238,v,a,24183,24230,K3
K,238,v,b,24231,24278,K3
K,239,r,a,24279,24326,K3
K,239,r,b,24327,24374,K3
K,239,v,a,24375,24422,K3
K,239,v,b,24423,24470,K3
K,240,r,a,24471,24518,K3
K,240,r,b,24519,24566,K3
K,240,v,a,24567,24614,K3
K,240,v,b,24615,24660,K3
K,241,r,a,24661,24709,K3
K,241,r,b,24710,24758,K3
K,241,v,a,24759,24807,K3
K,241,v,b,24808,24857,K3
K,242,r,a,24858,24912,K3
K,242,r,b,24913,24960,K3
K,242,v,a,24961,25008,K3
K,242,v,b,25009,25056,K3
K,243,r,a,25057,25103,K3
K,243,r,b,25104,25147,K3
K,243,v,a,25148,25194,K3
K,243,v,b,25195,25241,K3
K,244,r,a,25242,25289,K3
K,244,r,b,25290,25337,K3
K,244,v,a,25338,25385,K3
K,244,v,b,25386,25431,K3
K,245,r,a,25432,25479,K3
K,245,r,b,25480,25523,K3
K,245,v,a,25524,25571,K3
K,245,v,b,25572,25619,K3
K,246,r,a,25620,25667,K3
K,246,r,b,25668,25713,K3
K,246,v,a,25714,25761,K3
K,246,v,b,25762,25809,K3
K,247,r,a,25810,25857,K3
K,247,r,b,25858,25905,K3
K,247,v,a,25906,25953,K3
K,247,v,b,25954,26002,K3
K,248,r,a,26003,26050,K3
K,248,r,b,26051,26098,K3
K,248,v,a,26099,26146,K3
K,248,v,b,26147,26192,K3
K,249,r,a,26193,26240,K3
K,249,r,b,26241,26288,K3
K,249,v,a,26289,26336,K3
K,249,v,b,26337,26382,K3
K,250,r,a,26383,26430,K3
K,250,r,b,26431,26478,K3
K,250,v,a,26479,26526,K3
K,250,v,b,26527,26574,K3
K,251,r,a,26575,26622,K3
K,251,r,b,26623,26670,K3
K,251,v,a,26671,26718,K3
K,251,v,b,26719,26766,K3
K,252,r,a,26767,26814,K3
K,252,r,b,26815,26862,K3
K,252,v,a,26863,26910,K3
K,252,v,b,26911,26958,K3
K,253,r,a,26959,27004,K3
K,253,r,b,27005,27050,K3
K,253,v,a,27051,27096,K3
K,253,v,b,27097,27146,K3
K,254,r,a,27147,27194,K3
K,254,r,b,27195,27242,K3
K,254,v,a,27243,27290,K3
K,254,v,b,27291,27336,K3
K,255,r,a,27337,27383,K3
K,255,r,b,27384,27430,K3
K,255,v,a,27431,27477,K3
K,255,v,b,27478,27524,K3
K,256,r,a,27525,27572,K3
K,256,r,b,27573,27620,K3
K,256,v,a,27621,27669,K3
K,256,v,b,27670,27718,K3
K,257,r,a,27719,27766,K3
K,257,r,b,27767,27814,K3
K,257,v,a,27815,27862,K3
K,257,v,b,27863,27906,K3
K,258,r,a,27907,27954,K3
K,258,r,b,27955,28002,K3
K,258,v,a,28003,28050,K3
K,258,v,b,28051,28098,K3
K,259,r,a,28099,28146,K3
K,259,r,b,28147,28194,K3
K,259,v,a,28195,28242[0],K3
K,259,v,b,28242[1],28288,K3
K,260,r,a,28289,28335,K3
K,260,r,b,28336,28382,K3
K,260,v,a,28383,28430,K3
K,260,v,b,28431,28478,K3
K,261,r,a,28479,28527,K3
K,261,r,b,28528,28577,K3
K,261,v,a,28578,28625,K3
K,261,v,b,28626,28673,K3
K,262,r,a,28674,28720,K3
K,262,r,b,28721,28767,K3
K,262,v,a,28768,28815,K3
K,262,v,b,28816,28860,K3
K,263,r,a,28861,28908,K3
K,263,r,b,28909,28956,K3
K,263,v,a,28957,29052,K3
K,264,r,a,29053,29099,K3
K,264,r,b,29100,29146,K3
K,264,v,a,29147,29193,K3
K,264,v,b,29194,29240,K3
K,265,r,a,29241,29285,K3
K,265,r,b,29286,29333,K3
K,265,v,a,29334,29381,K3
K,265,v,b,29382,29429,K3
K,266,r,a,29430,29475,K3
K,266,r,b,29476,29521,K3
K,266,v,a,29522,29569,K3
K,266,v,b,29570,29614,K3
K,267,r,a,29615,29662,K3
K,267,r,b,29663,29710,K3
K,267,v,a,29711,29758,K3
K,267,v,b,29759,29802,K3
K,268,r,a,29803,29850,K3
K,268,r,b,29851,29898,K3
K,268,v,a,29899,29946,K3
K,268,v,b,29947,29990,K3
K,269,r,a,29991,30038,K3
K,269,r,b,30039,30086,K3
K,269,v,a,30087,30134,K3
K,269,v,b,30135,30182,K3
K,270,r,a,30183,30230,K3
K,270,r,b,30231,30278,K3
K,270,v,a,30279,30326,K3
K,270,v,b,30327,30374,K3
K,271,r,a,30375,30419,K3
K,271,r,b,30420,30467,K3
K,271,v,a,30468,30515,K3
K,271,v,b,30516,30563,K3
K,272,r,a,30564,30607,K3
K,272,r,b,30608,30654,K3
K,272,v,a,30655,30702,K3
K,272,v,b,30703,30750,K3
K,273,r,a,30751,30797,K3
K,273,r,b,30798,30844,K3
K,273,v,a,30845,30889,K3
K,273,v,b,30890,30937,K3
K,274,r,a,30938,30985,K3
K,274,r,b,30986,31033,K3
K,274,v,a,31034,31081,K3
K,274,v,b,31082,31113,K3
K,274,v,b,31114,31126,K1
K,275,r,a,31127,31174,K1
K,275,r,b,31175,31222,K1
K,275,v,a,31223,31270,K1
K,275,v,b,31271,31318,K1
K,276,r,a,31319,31366,K1
K,276,r,b,31367,31411,K1
K,276,v,a,31412,31459,K1
K,276,v,b,31460,31507,K1
K,277,r,a,31508,31555,K1
K,277,r,b,31556,31603,K1
K,277,v,a,31604,31651,K1
K,277,v,b,31652,31699,K1
K,278,r,a,31700,31747,K1
K,278,r,b,31748,31795,K1
K,278,v,a,31796,31843,K1
K,278,v,b,31844,31891,K1
K,279,r,a,31892,31939,K1
K,279,r,b,31940,31987,K1
K,279,v,a,31988,32031,K1
K,279,v,b,32032,32079,K1
K,280,r,a,32080,32127,K1
K,280,r,b,32128,32173,K1
K,280,v,a,32174,32221,K1
K,280,v,b,32222,32269,K1
K,281,r,a,32270,32317,K1
K,281,r,b,32318,32365,K1
K,281,v,a,32366,32411,K1
K,281,v,b,32412,32459,K1
K,282,r,a,32460,32507,K1
K,282,r,b,32508,32555,K1
K,282,v,a,32556,32601,K1
K,282,v,b,32602,32649,K1
K,283,r,a,32650,32693,K1
K,283,r,b,32694,32741,K1
K,283,v,a,32742,32789,K1
K,283,v,b,32790,32837,K1
K,284,r,a,32838,32885,K1
K,284,r,b,32886,32933,K1
K,284,v,a,32934,32983,K1
K,284,v,b,32984,33031,K1
K,285,r,a,33032,33079,K1
K,285,r,b,33080,33127,K1
K,285,v,a,33128,33175,K1
K,285,v,b,33176,33221,K1
K,286,r,a,33222,33270,K1
K,286,r,b,33271,33319,K1
K,286,v,a,33320,33368,K1
K,286,v,b,33369,33417,K1
K,287,r,a,33418,33466,K1
K,287,r,b,33467,33515,K1
K,287,v,a,33516,33564,K1
K,287,v,b,33565,33613,K1
K,288,r,a,33614,33663,K1
K,288,r,b,33664,33713,K1
K,288,v,a,33714,33761,K1
K,288,v,b,33762,33810[0],K1
K,289,r,a,33810,33859,K1
K,289,r,b,33860,33909,K1
K,289,v,a,33910,33959,K1
K,289,v,b,33960,34009,K1
K,290,r,a,34010,34061,K1
K,290,r,b,34062,34113,K1
K,290,v,a,34114,34165,K1
K,290,v,b,34166,34217,K1
K,291,r,a,34218,34269,K1
K,291,r,b,34270,34321,K1
K,291,v,a,34322,34371,K1
K,291,v,b,34372,34423,K1
K,292,r,a,34424,34475,K1
K,292,r,b,34476,34527,K1
K,292,v,a,34528,34576,K1
K,292,v,b,34577,34628,K1
K,293,r,a,34629,34680,K1
K,293,r,b,34681,34732,K1
K,293,v,a,34733,34782,K1
K,293,v,b,34783,34834,K1
K,294,r,a,34835,34884,K1
K,294,r,b,34885,34934,K1
K,294,v,a,34935,34984,K1
K,294,v,b,34985,35034,K1
K,295,r,a,35035,35084,K1
K,295,r,b,35085,35131,K1
K,295,v,a,35132,35181,K1
K,295,v,b,35182,35231,K1
K,296,r,a,35232,35280,K1
K,296,r,b,35281,35329,K1
K,296,v,a,35330,35378,K1
K,296,v,b,35379,35427,K1
K,297,r,a,35428,35476,K1
K,297,r,b,35477,35523,K1
K,297,v,a,35524,35572,K1
K,297,v,b,35573,35621,K1
K,298,r,a,35622,35670,K1
K,298,r,b,35671,35719,K1
K,298,v,a,35720,35766,K1
K,298,v,b,35767,35815,K1
K,299,r,a,35816,35864,K1
K,299,r,b,35865,35913,K1
K,299,v,a,35914,35962,K1
K,299,v,b,35963,36008,K1
K,300,r,a,36009,36057,K1
K,300,r,b,36058,36106,K1
K,300,v,a,36107,36155,K1
K,300,v,b,36156,36205,K1
K,301,r,a,36206,36252,K1
K,301,r,b,36253,36301,K1
K,301,v,a,36302,36350,K1
K,301,v,b,36351,36399,K1
K,302,r,a,36400,36429,K1
K,302,r,a,734.01,734.19,K1
K,302,r,b,734.20,736.8,K1
K,302,v,a,736.9,737.27,K1
K,302,v,b,737.28,739.16,K1
K,303,r,a,739.17,741.5,K1
K,303,r,b,741.6,742.24,K1
K,303,v,a,742.25,744.13,K1
K,303,v,b,744.14,746.2,K1
K,304,r,a,746.3,747.21,K1
K,304,r,b,747.22,749.10,K1
K,304,v,a,749.11,750.28,K1
K,304,v,b,750.29,752.16,K1
K,305,r,a,752.17,754.5[1],K1
K,305,r,b,754.5[2],755.21,K1
K,305,v,a,755.22,757.10,K1
K,305,v,b,757.11,758.29,K1
K,306,r,a,758.30,760.18,K1
K,306,r,b,760.19,762.7,K1
K,306,v,a,762.8,763.26,K1
K,306,v,b,763.27,765.15,K1
K,307,r,a,765.16,767.4,K1
K,307,r,b,767.5,768.23,K1
K,307,v,a,768.24,769.28[14],K1
K,307,v,b,769.28[15],771.7,K1
K,308,r,a,771.8,772.26,K1
K,308,r,b,772.27,772.30[45],K1
K,308,v,a,772.30[46],773.20,K1
K,308,v,b,773.21,775.9,K1
K,309,r,a,775.10,776.28,K1
K,309,r,b,776.29,778.14,K1
K,309,v,a,778.15,780.3,K1
K,309,v,b,780.4,781.22,K1
K,310,r,a,781.23,783.11,K1
K,310,r,b,783.12,784.28[2],K1
K,310,v,a,784.28[3],786.9,K1
K,310,v,b,786.10,787.26,K1
K,311,r,a,787.27,789.13,K1
K,311,r,b,789.14,791.2,K1
K,311,v,a,791.3,792.21,K1
K,311,v,b,792.22,794.5,K1
K,312,r,a,794.6,795.24,K1
K,312,r,b,795.25,797.9,K1
K,312,v,a,797.10,798.28,K1
K,312,v,b,798.29,798.30,K1
K,312,v,b,799.01,800.17,K4
K,313,r,a,800.18,802.6,K4
K,313,r,b,802.7,803.25,K4
K,313,v,a,803.26,805.10,K4
K,313,v,b,805.11,806.27,K4
K,314,r,a,806.28,808.16,K4
K,314,r,b,808.17,810.6,K4
K,314,v,a,810.7,811.25,K4
K,314,v,b,811.26,813.14,K4
K,315,r,a,813.15,815.3,K4
K,315,r,b,815.4,816.18,K4
K,315,v,a,816.19,818.7,K4
K,315,v,b,818.8,819.26,K4
K,316,r,a,819.27,820.16[29],K4
K,316,r,b,820.16[30],821.10,K4
K,316,v,a,821.11,822.29,K4
K,316,v,b,822.30,823.20,K4
K,317,r,a,823.21,825.9,K4
K,317,r,b,825.10,826.28,K4
K,317,v,a,826.29,827.30[17],K4
K,317,v,b,827.30[18],827.30[66],K4
K,318,r,a,827.30[67],827.30[115],K4
K,318,r,b,827.30[116],827.30[164],K4
K,318,v,a,827.30[165],827.30[213],K4
K,318,v,b,827.30[214],827.30[262],K4
K,319,r,a,827.30[263],827.30[311],K4
K,319,r,b,827.30[312],827.30[360],K4
K,319,v,a,827.30[361],827.30[409],K4
K,319,v,b,827.30[410],827.30[458],K4
K,320,r,a,827.30[459],827.30[507],K4
K,320,r,b,827.30[508],827.30[556],K4
K,320,v,a,827.30[557],827.30[561],K4
K,320,v,a,827.30[562],827.30[579],K5
R,1,r,a,0[1],0[31],R1
R,1,r,b,0[32],20,R1
R,1,v,a,21,68,R1
R,1,v,b,69,116,R1
R,2,r,a,117,164,R1
R,2,r,b,165,212,R1
R,2,v,a,213,260,R1
R,2,v,b,261,308,R1
R,3,r,a,309,355,R1
R,3,r,b,356,403,R1
R,3,v,a,404,451,R1
R,3,v,b,452,499,R1
R,4,r,a,500,546,R1
R,4,r,b,547,594,R1
R,4,v,a,595,642,R1
R,4,v,b,643,690,R1
R,5,r,a,691,738,R1
R,5,r,b,739,786,R1
R,5,v,a,787,834,R1
R,5,v,b,835,882,R1
R,6,r,a,883,929,R1
R,6,r,b,930,977,R1
R,6,v,a,978,1025,R1
R,6,v,b,1026,1073,R1
R,7,r,a,1074,1121,R1
R,7,r,b,1122,1169,R1
R,7,v,a,1170,1217,R1
R,7,v,b,1218,1265,R1
R,8,r,a,1266,1313,R1
R,8,r,b,1314,1361,R1
R,8,v,a,1362,1409,R1
R,8,v,b,1410,1455,R1
R,9,r,a,1456,1503,R1
R,9,r,b,1504,1551,R1
R,9,v,a,1552,1599,R1
R,9,v,b,1600,1647,R1
R,10,r,a,1648,1695,R1
R,10,r,b,1696,1743,R1
R,10,v,a,1744,1791,R1
R,10,v,b,1792,1839,R1
R,11,r,a,1840,1887,R1
R,11,r,b,1888,1935,R1
R,11,v,a,1936,1982,R1
R,11,v,b,1983,2030,R1
R,12,r,a,2031,2078,R1
R,12,r,b,2079,2126,R1
R,12,v,a,2127,2174,R1
R,12,v,b,2175,2222,R1
R,13,r,a,2223,2269,R1
R,13,r,b,2270,2317,R1
R,13,v,a,2318,2362,R1
R,13,v,b,2363,2410,R1
R,14,r,a,2411,2458,R1
R,14,r,b,2459,2506,R1
R,14,v,a,2507,2554,R1
R,14,v,b,2555,2602,R1
R,15,r,a,2603,2650,R1
R,15,r,b,2651,2698,R1
R,15,v,a,2699,2746,R1
R,15,v,b,2747,2794,R1
R,16,r,a,2795,2842,R1
R,16,r,b,2843,2890,R1
R,16,v,a,2891,2937,R1
R,16,v,b,2938,2985,R1
R,17,r,a,2986,3033,R1
R,17,r,b,3034,3081,R1
R,17,v,a,3082,3129,R1
R,17,v,b,3130,3177,R1
R,18,r,a,3178,3222,R1
R,18,r,b,3223,3270,R1
R,18,v,a,3271,3318,R1
R,18,v,b,3319,3366,R1
R,19,r,a,3367,3414,R1
R,19,r,b,3415,3462,R1
R,19,v,a,3463,3510,R1
R,19,v,b,3511,3558,R1
R,20,r,a,3559,3606,R1
R,20,r,b,3607,3654,R1
R,20,v,a,3655,3702,R1
R,20,v,b,3703,3750,R1
R,21,r,a,3751,3798,R1
R,21,r,b,3799,3846,R1
R,21,v,a,3847,3894,R1
R,21,v,b,3895,3942,R1
R,22,r,a,3943,3990,R1
R,22,r,b,3991,4038,R1
R,22,v,a,4039,4086,R1
R,22,v,b,4087,4134,R1
R,23,r,a,4135,4182,R1
R,23,r,b,4183,4230,R1
R,23,v,a,4231,4278,R1
R,23,v,b,4279,4326,R1
R,24,r,a,4327,4374,R1
R,24,r,b,4375,4422,R1
R,24,v,a,4423,4470,R1
R,24,v,b,4471,4518,R1
R,25,r,a,4519,4566,R1
R,25,r,b,4567,4614,R1
R,25,v,a,4615,4662,R1
R,25,v,b,4663,4710,R1
R,26,r,a,4711,4758,R1
R,26,r,b,4759,4806,R1
R,26,v,a,4807,4852,R1
R,26,v,b,4853,4900,R1
R,27,r,a,4901,4948,R1
R,27,r,b,4949,4996,R1
R,27,v,a,4997,5044,R1
R,27,v,b,5045,5090,R1
R,28,r,a,5091,5138,R1
R,28,r,b,5139,5186,R1
R,28,v,a,5187,5234,R1
R,28,v,b,5235,5282,R1
R,29,r,a,5283,5330,R1
R,29,r,b,5331,5378,R1
R,29,v,a,5379,5426,R1
R,29,v,b,5427,5474,R1
R,30,r,a,5475,5522,R1
R,30,r,b,5523,5570,R1
R,30,v,a,5571,5618,R1
R,30,v,b,5619,5666,R1
R,31,r,a,5667,5714,R1
R,31,r,b,5715,5762,R1
R,31,v,a,5763,5810,R1
R,31,v,b,5811,5858,R1
R,32,r,a,5859,5906,R1
R,32,r,b,5907,5954,R1
R,32,v,a,5955,6002,R1
R,32,v,b,6003,6050,R1
R,33,r,a,6051,6098,R1
R,33,r,b,6099,6146,R1
R,33,v,a,6147,6193,R1
R,33,v,b,6194,6242,R1
R,34,r,a,6243,6289,R1
R,34,r,b,6290,6337,R1
R,34,v,a,6338,6385,R1
R,34,v,b,6386,6433,R1
R,35,r,a,6434,6481,R1
R,35,r,b,6482,6529,R1
R,35,v,a,6530,6577,R1
R,35,v,b,6578,6625,R1
R,36,r,a,6626,6670,R1
R,36,r,b,6671,6718,R1
R,36,v,a,6719,6766,R1
R,36,v,b,6767,6814,R1
R,37,r,a,6815,6862,R1
R,37,r,b,6863,6910,R1
R,37,v,a,6911,6958,R1
R,37,v,b,6959,7006,R1
R,38,r,a,7007,7054,R1
R,38,r,b,7055,7100,R1
R,38,v,a,7101,7148,R1
R,38,v,b,7149,7196,R1
R,39,r,a,7197,7244,R1
R,39,r,b,7245,7292,R1
R,39,v,a,7293,7338,R1
R,39,v,b,7339,7386,R1
R,40,r,a,7387,7434,R1
R,40,r,b,7435,7482,R1
R,40,v,a,7483,7526,R1
R,40,v,b,7527,7574,R1
R,41,r,a,7575,7622,R1
R,41,r,b,7623,7670,R1
R,41,v,a,7671,7718,R1
R,41,v,b,7719,7766,R1
R,42,r,a,7767,7814,R1
R,42,r,b,7815,7862,R1
R,42,v,a,7863,7910,R1
R,42,v,b,7911,7958,R1
R,43,r,a,7959,8006,R1
R,43,r,b,8007,8054,R1
R,43,v,a,8055,8100,R1
R,43,v,b,8101,8148,R1
R,44,r,a,8149,8196,R1
R,44,r,b,8197,8244,R1
R,44,v,a,8245,8292,R1
R,44,v,b,8293,8340,R1
R,45,r,a,8341,8388,R1
R,45,r,b,8389,8436,R1
R,45,v,a,8437,8482,R1
R,45,v,b,8483,8530,R1
R,46,r,a,8531,8578,R1
R,46,r,b,8579,8626,R1
R,46,v,a,8627,8674,R1
R,46,v,b,8675,8722,R1
R,47,r,a,8723,8770,R1
R,47,r,b,8771,8818,R1
R,47,v,a,8819,8866,R1
R,47,v,b,8867,8914,R1
R,48,r,a,8915,8962,R1
R,48,r,b,8963,9010,R1
R,48,v,a,9011,9058,R1
R,48,v,b,9059,9106,R1
R,49,r,a,9107,9154,R2
R,49,r,b,9155,9202,R2
R,49,v,a,9204,9251,R2
R,49,v,b,9252,9299,R2
R,50,r,a,9300,9347,R2
R,50,r,b,9348,9393,R2
R,50,v,a,9394,9445,R2
R,50,v,b,9446,9493,R2
R,51,r,a,9494,9541,R2
R,51,r,b,9542,9589,R2
R,51,v,a,9590,9635[1],R2
R,51,v,b,9637,9682,R2
R,52,r,a,9683,9730,R2
R,52,r,b,9731,9778,R2
R,52,v,a,9779,9826,R2
R,52,v,b,9827,9882,R2
R,53,r,a,9883,9930,R2
R,53,r,b,9931,9978,R2
R,53,v,a,9979,10026,R2
R,53,v,b,10029,10075,R2
R,54,r,a,10076,10122,R2
R,54,r,b,10123,10171,R2
R,54,v,a,10172,10239,R2
R,54,v,b,10240,10301,R2
R,55,r,a,10302,10349,R2
R,55,r,b,10350,10397,R2
R,55,v,a,10398,10445,R2
R,55,v,b,10446,10501,R2
R,56,r,a,10502,10549,R2
R,56,r,b,10550,10597,R2
R,56,v,a,10598,10646,R2
R,56,v,b,10647,10694,R2
R,57,r,a,10695,10742,R2
R,57,r,b,10743,10790,R2
R,57,v,a,10791,10839,R2
R,57,v,b,10840,10885,R2
R,58,r,a,10886,10932,R2
R,58,r,b,10933,10980,R2
R,58,v,a,10981,11028,R2
R,58,v,b,11029,11076,R2
R,59,r,a,11077,11124,R2
R,59,r,b,11125,11170,R2
R,59,v,a,11171,11218,R2
R,59,v,b,11219,11266,R2
R,60,r,a,11267,11314,R2
R,60,r,b,11315,11366,R2
R,60,v,a,11367,11415,R2
R,60,v,b,11416,11463,R2
R,61,r,a,11464,11514,R2
R,61,r,b,11515,11560,R2
R,61,v,a,11561,11608,R2
R,61,v,b,11609,11655,R2
R,62,r,a,11656,11703,R2
R,62,r,b,11704,11751,R2
R,62,v,a,11752,11795,R2
R,62,v,b,11796,11843,R2
R,63,r,a,11844,11919,R2
R,63,r,b,11920,11973,R2
R,63,v,a,11974,12024,R2
R,63,v,b,12025,12079,R2
R,64,r,a,12080,12127,R2
R,64,r,b,12128,12175,R2
R,64,v,a,12176,12223,R2
R,64,v,b,12224,12269,R2
R,65,r,a,12270,12316,R2
R,65,r,b,12317,12363,R2
R,65,v,a,12364,12411,R2
R,65,v,b,12412,12460,R2
R,66,r,a,12461,12507,R2
R,66,r,b,12508,12555,R2
R,66,v,a,12556,12603,R2
R,66,v,b,12604,12651,R2
R,67,r,a,12652,12697,R2
R,67,r,b,12698,12744,R2
R,67,v,a,12745,12789,R2
R,67,v,b,12790,12837,R2
R,68,r,a,12838,12887,R2
R,68,r,b,12888,12935,R2
R,68,v,a,12936,12985,R2
R,68,v,b,12986,13037,R2
R,69,r,a,13038,13084,R2
R,69,r,b,13085,13132,R2
R,69,v,a,13133,13180,R2
R,69,v,b,13181,13228,R2
R,70,r,a,13229,13284,R2
R,70,r,b,13285,13334,R2
R,70,v,a,13335,13385,R2
R,70,v,b,13386,13436,R2
R,71,r,a,13437,13484,R2
R,71,r,b,13485,13532,R2
R,71,v,a,13533,13582,R2
R,71,v,b,13583,13632,R2
R,72,r,a,13633,13681,R2
R,72,r,b,13682,13728,R2
R,72,v,a,13729,13779,R2
R,72,v,b,13780,13828,R2
R,73,r,a,13829,13877,R2
R,73,r,b,13878,13926,R2
R,73,v,a,13927,13974,R2
R,73,v,b,13975,14015,R2
R,74,r,a,14016,14065,R2
R,74,r,b,14066,14119,R2
R,74,v,a,14120,14167,R2
R,74,v,b,14168,14215,R2
R,75,r,a,14216,14263,R2
R,75,r,b,14264,14311,R2
R,75,v,a,14312,14359,R2
R,75,v,b,14360,14410,R2
R,76,r,a,14411,14458,R2
R,76,r,b,14459,14506,R2
R,76,v,a,14507,14556,R2
R,76,v,b,14557,14606,R2
R,77,r,a,14607,14654,R2
R,77,r,b,14655,14702,R2
R,77,v,a,14703,14749,R2
R,77,v,b,14750,14798,R2
R,78,r,a,14799,14846,R2
R,78,r,b,14847,14910,R2
R,78,v,a,14911,14958,R2
R,78,v,b,14959,15006,R2
R,79,r,a,15007,15054,R2
R,79,r,b,15055,15109,R2
R,79,v,a,15110,15158,R2
R,79,v,b,15159,15207,R2
R,80,r,a,15208,15254,R2
R,80,r,b,15255,15309,R2
R,80,v,a,15312,15372,R2
R,80,v,b,15373,15424,R2
R,81,r,a,15425,15486,R2
R,81,r,b,15487,15534,R2
R,81,v,a,15535,15582,R2
R,81,v,b,15583,15630,R2
R,82,r,a,15631,15676,R2
R,82,r,b,15677,15730,R2
R,82,v,a,15731,15788,R2
R,82,v,b,15789,15837,R2
R,83,r,a,15838,15887,R2
R,83,r,b,15888,15939,R2
R,83,v,a,15940,15987,R2
R,83,v,b,15988,16035,R2
R,84,r,a,16036,16083,R2
R,84,r,b,16084,16131,R2
R,84,v,a,16132,16187,R2
R,84,v,b,16188,16232,R2
R,85,r,a,16233,16280,R2
R,85,r,b,16281,16336,R2
R,85,v,a,16337,16383,R2
R,85,v,b,16384,16432,R2
R,86,r,a,16433,16484,R2
R,86,r,b,16485,16532,R2
R,86,v,a,16533,16577,R2
R,86,v,b,16584,16630,R2
R,87,r,a,16631,16677,R2
R,87,r,b,16678,16724,R2
R,87,v,a,16725,16772,R2
R,87,v,b,16773,16826,R2
R,88,r,a,16827,16874,R2
R,88,r,b,16875,16922,R2
R,88,v,a,16923,16970,R2
R,88,v,b,16971,17024,R2
R,89,r,a,17025,17076,R2
R,89,r,b,17077,17124,R2
R,89,v,a,17125,17171,R2
R,89,v,b,17172,17224,R2
R,90,r,a,17225,17288,R2
R,90,r,b,17289,17324,R2
R,90,v,a,17325,17372,R2
R,90,v,b,17373,17420,R2
R,91,r,a,17421,17470,R2
R,91,r,b,17471,17518,R2
R,91,v,a,17519,17564,R2
R,91,v,b,17565,17611,R2
R,92,r,a,17612,17659,R2
R,92,r,b,17660,17707,R2
R,92,v,a,17708,17755,R2
R,92,v,b,17756,17801,R2
R,93,r,a,17802,17849,R2
R,93,r,b,17850,17897,R2
R,93,v,a,17898,17945,R2
R,93,v,b,17946,17995,R2
R,94,r,a,17996,18051,R2
R,94,r,b,18052,18102,R2
R,94,v,a,18103,18155,R2
R,94,v,b,18156,18223,R2
R,95,r,a,18224,18274,R2
R,95,r,b,18275,18322[3],R2
R,95,v,a,18323,18373,R2
R,95,v,b,18374,18423,R2
R,96,r,a,18424,18471,R2
R,96,r,b,18472,18523,R2
R,96,v,a,18524,18573,R2
R,96,v,b,18574,18634,R2
R,97,r,a,18635,18686,R2
R,97,r,b,18687,18734,R2
R,97,v,a,18735,18787,R2
R,97,v,b,18788,18837,R2
R,98,r,a,18838,18885,R2
R,98,r,b,18886,18944,R2
R,98,v,a,18945,18995,R2
R,98,v,b,18996,19050,R2
R,99,r,a,19051,19098,R2
R,99,r,b,19099,19148,R2
R,99,v,a,19149,19203,R2
R,99,v,b,19204,19258,R2
R,100,r,a,19259,19309,R2
R,100,r,b,19310,19357,R2
R,100,v,a,19358,19427,R2
R,100,v,b,19428,19483,R2
R,101,r,a,19484,19531,R2
R,101,r,b,19532,19579,R2
R,101,v,a,19580,19631,R2
R,101,v,b,19632,19684,R2
R,102,r,a,19685,19725,R2
R,102,r,b,19726,19785,R2
R,102,v,a,19786,19835,R2
R,102,v,b,19836,19884,R2
R,103,r,a,19885,19933,R2
R,103,r,b,19934,19982,R2
R,103,v,a,19983,20032,R2
R,103,v,b,20033,20085,R2
R,104,r,a,20086,20133,R2
R,104,r,b,20134,20183,R2
R,104,v,a,20184,20231,R2
R,104,v,b,20232,20269,R2
R,105,r,a,20270,20323,R2
R,105,r,b,20324,20371,R2
R,105,v,a,20372,20450,R2
R,105,v,b,20451,20520,R2
R,106,r,a,20521,20580,R2
R,106,r,b,20581,20628,R2
R,106,v,a,20629,20678,R2
R,106,v,b,20679,20744,R2
R,107,r,a,20745,20808,R2
R,107,r,b,20809,20860,R2
R,107,v,a,20861,20910,R2
R,107,v,b,20911,20959,R2
R,108,r,a,20960,21007,R2
R,108,r,b,21008,21057,R2
R,108,v,a,21058,21121,R2
R,108,v,b,21122,21177,R2
R,109,r,a,21178,21229,R2
R,109,r,b,21232,21280,R2
R,109,v,a,21281,21334[1],R2
R,109,v,b,21334[2],21451,R2
R,110,r,a,21452,21499,R2
R,110,r,b,21500,21545,R2
R,110,v,a,21546,21593,R2
R,110,v,b,21594,21647,R2
R,111,r,a,21648,21699,R2
R,111,r,b,21700,21745,R2
R,111,v,a,21746,21797,R2
R,111,v,b,21797[1],21861[2],R2
R,112,r,a,21861[3],21925,R2
R,112,r,b,21926,21976,R2
R,112,v,a,21977,22024,R2
R,112,v,b,22025,22077,R2
R,113,r,a,22078,22127,R2
R,113,r,b,22128,22177,R2
R,113,v,a,22178,22241,R2
R,113,v,b,22241[1],22299,R2
R,114,r,a,22300,22357,R2
R,114,r,b,22358,22407,R2
R,114,v,a,22408,22455,R2
R,114,v,b,22456,22515,R2
R,115,r,a,22516,22517[46],R2
R,115,r,b,22517[47],22661,R2
R,115,v,a,22662,22713,R2
R,115,v,b,22714,22765,R2
R,116,r,a,22766,22813,R2
R,116,r,b,22814,22861,R2
R,116,v,a,22862,22918,R2
R,116,v,b,22919,22968,R2
R,117,r,a,22969,23016,R2
R,117,r,b,23017,23064,R2
R,117,v,a,23065,23118,R2
R,117,v,b,23119,23169,R2
R,118,r,a,23170,23216,R2
R,118,r,b,23217,23264,R2
R,118,v,a,23265,23312,R2
R,118,v,b,23313,23394,R2
R,119,r,a,23395,23455,R2
R,119,r,b,23456,23510,R2
R,119,v,a,23511,23595,R2
R,119,v,b,23596,23643,R2
R,120,r,a,23644,23715,R2
R,120,r,b,23716,23763,R2
R,120,v,a,23764,23811,R2
R,120,v,b,23812,23885,R2
R,121,r,a,23886,23937,R2
R,121,r,b,23938,23985,R2
R,121,v,a,23986,24033,R2
R,121,v,b,24034,24081,R2
R,122,r,a,24082,24129,R2
R,122,r,b,24130,24181,R2
R,122,v,a,24182,24231,R2
R,122,v,b,24232,24281,R2
R,123,r,a,24282,24328,R2
R,123,r,b,24329,24376,R2
R,123,v,a,24377,24436,R2
R,123,v,b,24437,24484,R2
R,124,r,a,24485,24532,R2
R,124,r,b,24533,24585,R2
R,124,v,a,24586,24641,R2
R,124,v,b,24642,24693,R2
R,125,r,a,24694,24753,R2
R,125,r,b,24758,24825,R2
R,125,v,a,24826,24875,R2
R,125,v,b,24876,24936,R2
R,126,r,a,24937,24992,R2
R,126,r,b,24993,25053,R2
R,126,v,a,25058,25147,R2
R,126,v,b,25148,25203,R2
R,127,r,a,25204,25251,R2
R,127,r,b,25252,25299,R2
R,127,v,a,25300,25348,R2
R,127,v,b,25349,25401,R2
R,128,r,a,25402,25459,R2
R,128,r,b,25460,25511,R2
R,128,v,a,25512,25555,R2
R,128,v,b,25556,25603,R2
R,129,r,a,25604,25651,R2
R,129,r,b,25652,25694,R2
R,129,v,a,25695,25745,R2
R,129,v,b,25746,25805,R2
R,130,r,a,25806,25872,R2
R,130,r,b,25873,25920,R2
R,130,v,a,25921,25968,R2
R,130,v,b,25969,26016,R2
R,131,r,a,26017,26064,R2
R,131,r,b,26065,26112,R2
R,131,v,a,26113,26160,R2
R,131,v,b,26161,26206,R2
R,132,r,a,26207,26254,R2
R,132,r,b,26255,26301[2],R2
R,132,v,a,26302,26353,R2
R,132,v,b,26354,26399,R2
R,133,r,a,26400,26447,R2
R,133,r,b,26448,26495,R2
R,133,v,a,26496,26542,R2
R,133,v,b,26543,26590,R2
R,134,r,a,26591,26638,R2
R,134,r,b,26639,26686,R2
R,134,v,a,26687,26734,R2
R,134,v,b,26735,26782,R2
R,135,r,a,26783,26831,R2
R,135,r,b,26832,26880,R2
R,135,v,a,26881,26928,R2
R,135,v,b,26929,26975,R2
R,136,r,a,26976,27023,R2
R,136,r,b,27024,27071,R2
R,136,v,a,27072,27119,R2
R,136,v,b,27120,27167,R2
R,137,r,a,27168,27216,R2
R,137,r,b,27217,27315,R2
R,137,v,a,27316,27377,R2
R,137,v,b,27378,27431,R2
R,138,r,a,27432,27485,R2
R,138,r,b,27486,27533,R2
R,138,v,a,27534,27586,R2
R,138,v,b,27587,27638,R2
R,139,r,a,27639,27726,R2
R,139,r,b,27727,27844,R2
R,139,v,a,27845,27914,R2
R,139,v,b,27915,28000,R2
R,140,r,a,28001,28222,R2
R,140,r,b,28223,28279,R2
R,140,v,a,28280,28339,R2
R,140,v,b,28340,28461,R2
R,141,r,a,28462,28572,R2
R,141,r,b,28573,28638,R2
R,141,v,a,28639,28725,R2
R,141,v,b,28726,28867,R2
R,142,r,a,28868,28923,R2
R,142,r,b,28924,29003,R2
R,142,v,a,29004,29096,R2
R,142,v,b,29097,29261,R2
R,143,r,a,29262,29316,R2
R,143,r,b,29317,29378,R2
R,143,v,a,29379,29426,R2
R,143,v,b,29427,29474,R2
R,144,r,a,29475,29525,R2
R,144,r,b,29590[0],29634,R2
R,144,v,a,29635,29683,R2
R,144,v,b,29684,29735,R2
R,145,r,a,29736,29783,R2
R,145,r,b,29784,29827,R2
R,145,v,a,29828,29893,R2
R,145,v,b,29894,29950[0],R2
R,146,r,a,29950,29996,R2
R,146,r,b,29997,30044,R2
R,146,v,a,30045,30092,R2
R,146,v,b,30093,30142,R2
R,147,r,a,30143,30190,R2
R,147,r,b,30191,30240,R2
R,147,v,a,30241,30289,R2
R,147,v,b,30290,30355,R2
R,148,r,a,30356,30394[9],R2
R,148,r,b,30420[0],30488,R2
R,148,v,a,30489,30542[6],R2
R,148,v,b,30555,30632,R2
R,149,r,a,30633,30724,R2
R,149,r,b,30725,30824,R2
R,149,v,a,30825,30867,R2
R,149,v,b,30868,30915,R2
R,150,r,a,30916,30967,R2
R,150,r,b,30968,31019,R2
R,150,v,a,31020,31069,R2
R,150,v,b,31070,31130,R2
R,151,r,a,31131,31178,R2
R,151,r,b,31179,31266[1],R2
R,151,v,a,31276,31344,R2
R,151,v,b,31345,31415,R2
R,152,r,a,31416,31463,R2
R,152,r,b,31464,31511,R2
R,152,v,a,31512,31559,R2
R,152,v,b,31560,31607,R2
R,153,r,a,31608,31657,R2
R,153,r,b,31658,31705,R2
R,153,v,a,31706,31783,R2
R,153,v,b,31796,31863,R2
R,154,r,a,31864,32017,R2
R,154,r,b,32018,32061,R2
R,154,v,a,32062,32117,R2
R,154,v,b,32118,32165,R2
R,155,r,a,32166,32210,R2
R,155,r,b,32211,32258,R2
R,155,v,a,32259,32306,R2
R,155,v,b,32307,32354,R2
R,156,r,a,32355,32399,R2
R,156,r,b,32400,32447,R2
R,156,v,a,32448,32509,R2
R,156,v,b,32512,32582,R2
R,157,r,a,32583,32640,R2
R,157,r,b,32641,32688,R2
R,157,v,a,32689,32740,R2
R,157,v,b,32741,32824,R2
R,158,r,a,32825,32902,R2
R,158,r,b,32904,32965,R2
R,158,v,a,32974,33027,R2
R,158,v,b,33028,33072,R2
R,159,r,a,33073,33211,R2
R,159,r,b,33212,33273,R2
R,159,v,a,33274,33320,R2
R,159,v,b,33321,33378,R2
R,160,r,a,33379,33452,R2
R,160,r,b,33453,33511,R2
R,160,v,a,33512,33564,R2
R,160,v,b,33565,33660,R2
R,161,r,a,33661,33717,R2
R,161,r,b,33725,33767,R2
R,161,v,a,33768,33812,R2
R,161,v,b,33813,33860,R2
R,162,r,a,33861,33908,R2
R,162,r,b,33909,33956,R2
R,162,v,a,33957,34004,R2
R,162,v,b,34005,34054,R2
R,163,r,a,34055,34106,R2
R,163,r,b,34107,34154,R2
R,163,v,a,34155,34202,R2
R,163,v,b,34203,34308,R2
R,164,r,a,34309,34361,R2
R,164,r,b,34362,34409,R2
R,164,v,a,34410,34465,R2
R,164,v,b,34466,34547,R2
R,165,r,a,34548,34598,R2
R,165,r,b,34599,34658,R2
R,165,v,a,34659,34718,R2
R,165,v,b,34719,34775,R2
R,166,r,a,34776,34823,R2
R,166,r,b,34824,34871,R2
R,166,v,a,34872,34919,R2
R,166,v,b,34920,34972,R2
R,167,r,a,34973,35024,R2
R,167,r,b,35025,35121,R2
R,167,v,a,35122,35199,R2
R,167,v,b,35200,35261,R2
R,168,r,a,35262,35455,R2
R,168,r,b,35456,35540,R2
R,168,v,a,35541,35608,R2
R,168,v,b,35609,35714,R2
R,169,r,a,35715,35809,R2
R,169,r,b,35810,35861,R2
R,169,v,a,35862,35933,R2
R,169,v,b,35934,35992,R2
R,170,r,a,35993,36053,R2
R,170,r,b,36054,36114,R2
R,170,v,a,36115,36202[2],R2
R,170,v,b,36202[3],36284,R2
R,171,r,a,36284[1],36380,R2
R,171,r,b,36381,36426,R2
R,171,r,b,734.1,734.16,R2
R,171,v,a,734.17,737.08,R2
R,171,v,b,737.13,740.26,R2
R,172,r,a,740.27,744.14,R2
R,172,r,b,744.25,747.06,R2
R,172,v,a,747.07,748.24,R2
R,172,v,b,750.11,753.19,R2
R,173,r,a,753.20,755.05,R2
R,173,r,b,755.06,756.23,R2
R,173,v,a,756.24,758.30,R2
R,173,v,b,759.01,761.21,R2
R,174,r,a,761.22,766.20,R2
R,174,r,b,766.21,768.12,R2
R,174,v,a,768.13,770.07,R2
R,174,v,b,770.08,772.30[25],R2
R,175,r,a,772.30[26],775.03,R2
R,175,r,b,775.04,778.01,R2
R,175,v,a,778.02,779.15,R2
R,175,v,b,779.16,781.28,R2
R,176,r,a,782.29,785.04,R2
R,176,r,b,785.05,786.22,R2
R,176,v,a,786.23,792.01,R2
R,176,v,b,792.09,793.26,R2
R,177,r,a,793.27,796.18,R2
R,177,r,b,796.19,799.24,R2
R,177,v,a,799.25,801.16,R2
R,177,v,b,801.17,804.03,R2
R,178,r,a,804.04,805.26,R2
R,178,r,b,805.27,816.28,R2
R,178,v,a,816.29,818.24,R2
R,178,v,b,818.25,820.16[4],R2
R,179,r,a,820.16[5],820.16[51],R2
R,179,r,b,820.16[52],823.08,R2
R,179,v,a,823.09,827.23,R2
R,179,v,b,827.24,827.30[40],R2
R,180,r,a,827.30[41],827.30[102],R2
R,180,r,b,827.30[103],827.30[165],R2
R,180,v,a,827.30[166],827.30[235],R2
R,180,v,b,827.30[236],827.30[343],R2
R,181,r,a,827.30[344],827.30[422],R2
R,181,r,b,827.30[423],827.30[495],R2
R,181,v,a,827.30[496],827.30[541],R2
R,181,v,b,827.30[542],827.30[558],R2
